,name,maths,physics,chemistry,Total Marks,Percentage
MG25,Joseph,50,50,50,150,100.0
MG02,Adom,46,49,45,140,93.33333333333333
MG03,Muhammad,49,48,40,137,91.33333333333333
MG06,Bob,43,49,45,137,
MG01,John,45,50,33,128,85.33333333333333
MG07,Charlie,40,48,40,128,
MG05,Alice,41,50,33,124,
MG04,Ravi,34,50,23,107,71.33333333333333
